{
  "$schema": "https://schema.management.azure.com/schemas/0.1.2-preview/CreateUIDefinition.MultiVm.json#",
  "handler": "Microsoft.Azure.CreateUIDef",
  "version": "0.1.2-preview",
  "parameters": {
    "basics": [
      {}
    ],
    "steps": [
      {
        "name":"Text",
        "label":"Generelle Angaben zur Organisation",
        "elements":[
          {
            "name": "Kostenstelle",
            "type": "Microsoft.Common.TextBox",
            "label": "Kostenstelle",
            "placeholder": "",
            "defaultValue": "",
            "toolTip": "Die Kostenstelle wird mit den Kosten dieser Resourcen automatisch belastet.",
            "constraints": {
              "required": true,
              "regex": "^[a-z0-9A-Z]{1,30}$",
              "validationMessage": "Only alphanumeric characters are allowed, and the value must be 1-30 characters long."
            },
            "visible": true
          }
        ]
      },
      {
        "name": "domainjoin",
        "label": "Domain Join",
        "elements": [
            {
                "name": "infoMessage",
                "type": "Microsoft.Common.InfoBox",
                "visible": true,
                "options": {
                    "icon": "Info",
                    "text": "In welche Domain soll die VM gejoint werden?"
                }
            },
            {
                "name": "jointype",
                "type": "Microsoft.Common.DropDown",
                "label": "Join type",
                "defaultValue": "Online",
                "toolTip": "",
                "constraints": {
                    "allowedValues": [
                        {
                            "label": "Online",
                            "value": "online"
                        },
                        {
                            "label": "Offline",
                            "value": "offline"
                        }
                    ],
                    "required": true
                },
                "visible": true
            },
            {
                "name": "domain",
                "type": "Microsoft.Common.OptionsGroup",
                "label": "Domain",
                "defaultValue": "ottogroup.net",
                "toolTip": "",
                "constraints": {
                    "allowedValues": [
                        {
                            "label": "ottogroup.net",
                            "value": "ottogroup.net"
                        },
                        {
                            "label": "ottogroup.test",
                            "value": "ottogroup.test"
                        },
                        {
                            "label": "sandbox.lab",
                            "value": "sandbox.lab"
                        }
                    ],
                    "required": true
                },
                "visible": true
            },
            {
                "name": "newsletter",
                "type": "Microsoft.Common.Section",
                "label": "Monthly Newsletter",
                "elements": [
                    {
                        "name": "announcement",
                        "type": "Microsoft.Common.TextBlock",
                        "visible": true,
                        "options": {
                            "text": "Erhalte unseren monatlichen Newsletter aus dem Cloud Competence Center",
                            "link": {
                                "label": "Learn more",
                                "uri": "https://www.microsoft.com"
                            }
                        }
                    },
                    {
                        "name": "emailAddress",
                        "type": "Microsoft.Common.TextBox",
                        "label": "Email",
                        "defaultValue": "",
                        "toolTip": "Please enter a valid email account",
                        "constraints": {
                            "required": false,
                            "regex": "^[a-zA-Z0-9_.+-]+@[a-zA-Z0-9-]+\\.[a-zA-Z0-9-.]+$",
                            "validationMessage": "Email is not valid. Please re-enter."
                        },
                        "visible": true
                    },
                    {
                        "name": "legalAccept",
                        "type": "Microsoft.Common.CheckBox",
                        "label": "I agree to the terms and conditions.",
                        "constraints": {
                            "required": true,
                            "validationMessage": "Please acknowledge the legal conditions."
                        }
                    }
                ],
                "visible": true
            }
        ]
      },
      {
        "name":"vmsettings",
        "label":"Virtuelle Maschine",
        "elements":[
          {
            "name": "dropDown1",
            "type": "Microsoft.Common.DropDown",
            "label": "Windows Betriebssystem",
            "placeholder": "",
            "defaultValue": "2016-Datacenter",
            "toolTip": "Waehle Dein Betriebssystem Image aus.",
            "constraints": {
              "allowedValues": [
                {
                  "label": "2008-R2-SP1",
                  "value": "2008-R2-SP1"
                },
                {
                  "label": "2012-Datacenter",
                  "value": "2012-Datacenter"
                },
                {
                  "label": "2016-Datacenter",
                  "value": "2016-Datacenter"
                }
              ],
              "required": true
            },
            "visible": true
          },
          {
            "name": "vmSizeSelector1",
            "type": "Microsoft.Compute.SizeSelector",
            "label": "Size",
            "toolTip": "",
            "recommendedSizes": [
              "Standard_D1",
              "Standard_D2",
              "Standard_D3"
            ],
            "constraints": {
              "allowedSizes": []
            },
            "options": {
              "hideDiskTypeFilter": false
            },
            "osPlatform": "Windows",
            "imageReference": {
              "publisher": "MicrosoftWindowsServer",
              "offer": "WindowsServer",
              "sku": "2012-R2-Datacenter"
            },
            "count": 1,
            "visible": true
          },
          {
            "name": "passwordBox1",
            "type": "Microsoft.Common.PasswordBox",
            "label": {
              "password": "Password",
              "confirmPassword": "Confirm password"
            },
            "toolTip": "",
            "constraints": {
              "required": true,
              "regex": "^[a-zA-Z0-9_]{12,}$",
              "validationMessage": "Password must be at least 12 characters long, contain only numbers and letters"
            },
            "options": {
              "hideConfirmation": false
            },
            "visible": true
          }
          
        ]
      }
    ],
    "outputs": {
      "location":"[steps('basics').resourceScope.location.name]",
      "adminPassword":"[steps('vmsettings').passwordBox1]",
      "OSVersion":"[steps('vmsettings').dropDown1]",
      "vmSize":"[steps('vmsettings').vmSizeSelector1]"
    }
  }
}


