{
    "$schema": "https://schema.management.azure.com/schemas/2019-04-01/deploymentTemplate.json#",
    "contentVersion": "1.0.0.0",
    "parameters": {
      "adminPassword": {
        "type": "secureString",
        "minLength": 12,
        "metadata": {
          "description": "Password for the Virtual Machine."
        }
      },
      "OSVersion": {
        "type": "string",
        "defaultValue": "2019-Datacenter",
        "allowedValues": [
          "2008-R2-SP1",
          "2012-Datacenter",
          "2012-R2-Datacenter",
          "2016-Nano-Server",
          "2016-Datacenter-with-Containers",
          "2016-Datacenter",
          "2019-Datacenter",
          "2019-Datacenter-Core",
          "2019-Datacenter-Core-smalldisk",
          "2019-Datacenter-Core-with-Containers",
          "2019-Datacenter-Core-with-Containers-smalldisk",
          "2019-Datacenter-smalldisk",
          "2019-Datacenter-with-Containers",
          "2019-Datacenter-with-Containers-smalldisk"
        ],
        "metadata": {
          "description": "The Windows version for the VM. This will pick a fully patched image of this given Windows version."
        }
      },
      "vmSize": {
        "type": "string",
        "defaultValue": "Standard_D2_v3",
        "metadata": {
          "description": "Size of the virtual machine."
        }
      },
      "location": {
        "type": "string",
        "defaultValue": "[resourceGroup().location]",
        "metadata": {
          "description": "Location for all resources."
        }
      }
    },
    "variables": {
      "uniquestring": "[uniqueString(subscription().subscriptionId, resourceGroup().id)]",
      "nicName": "[concat(variables('uniquestring'),'nic')]",
      "addressPrefix": "10.0.0.0/16",
      "subnetName": "Subnet",
      "subnetPrefix": "10.0.0.0/24",
      "virtualNetworkName": "[concat(variables('uniquestring'),'VNET')]",
      "networkSecurityGroupName": "[concat(variables('uniquestring'),'nsg')]",
      "vmname": "[concat(variables('uniquestring'),'vm')]",
      //"vmname": "[concat(variables('uniquestring'),'vm')]",
      "adminusername": "adminlocal",
      "dnslabelprefix": "[toLower(format('{0}-{1}', variables('vmname'), uniqueString(resourceGroup().id, variables('vmname'))))]",
      "publicipname": "[concat(variables('uniquestring'),'pubip')]"
    },
    "resources": [
      {
        "type": "Microsoft.Network/publicIPAddresses",
        "apiVersion": "2021-02-01",
        "name": "[variables('publicipname')]",
        "location": "[parameters('location')]",
        "sku": {
          "name": "Basic"
        },
        "properties": {
          "publicIPAllocationMethod": "Dynamic",
          "dnsSettings": {
            "domainNameLabel": "[variables('dnslabelprefix')]"
          }
        }
      },
      {
        "type": "Microsoft.Network/networkSecurityGroups",
        "apiVersion": "2021-02-01",
        "name": "[variables('networkSecurityGroupName')]",
        "location": "[parameters('location')]",
        "properties": {
          "securityRules": [
            {
              "name": "default-allow-3389",
              "properties": {
                "priority": 1000,
                "access": "Allow",
                "direction": "Inbound",
                "destinationPortRange": "3389",
                "protocol": "Tcp",
                "sourcePortRange": "*",
                "sourceAddressPrefix": "*",
                "destinationAddressPrefix": "*"
              }
            }
          ]
        }
      },
      {
        "type": "Microsoft.Network/virtualNetworks",
        "apiVersion": "2021-02-01",
        "name": "[variables('virtualNetworkName')]",
        "location": "[parameters('location')]",
        "properties": {
          "addressSpace": {
            "addressPrefixes": [
              "[variables('addressPrefix')]"
            ]
          },
          "subnets": [
            {
              "name": "[variables('subnetName')]",
              "properties": {
                "addressPrefix": "[variables('subnetPrefix')]",
                "networkSecurityGroup": {
                  "id": "[resourceId('Microsoft.Network/networkSecurityGroups', variables('networkSecurityGroupName'))]"
                }
              }
            }
          ]
        },
        "dependsOn": [
          "[resourceId('Microsoft.Network/networkSecurityGroups', variables('networkSecurityGroupName'))]"
        ]
      },
      {
        "type": "Microsoft.Network/networkInterfaces",
        "apiVersion": "2021-02-01",
        "name": "[variables('nicName')]",
        "location": "[parameters('location')]",
        "properties": {
          "ipConfigurations": [
            {
              "name": "ipconfig1",
              "properties": {
                "privateIPAllocationMethod": "Dynamic",
                "publicIPAddress": {
                  "id": "[resourceId('Microsoft.Network/publicIPAddresses', variables('publicipname'))]"
                },
                "subnet": {
                  "id": "[resourceId('Microsoft.Network/virtualNetworks/subnets', variables('virtualNetworkName'), variables('subnetName'))]"
                }
              }
            }
          ]
        },
        "dependsOn": [
          "[resourceId('Microsoft.Network/publicIPAddresses', variables('publicipname'))]",
          "[resourceId('Microsoft.Network/virtualNetworks', variables('virtualNetworkName'))]"
        ]
      },
      {
        "type": "Microsoft.Compute/virtualMachines",
        "apiVersion": "2021-03-01",
        "name": "[variables('vmName')]",
        "location": "[parameters('location')]",
        "properties": {
          "hardwareProfile": {
            "vmSize": "[parameters('vmSize')]"
          },
          "osProfile": {
            "computerName": "[variables('vmName')]",
            "adminUsername": "[variables('adminusername')]",
            "adminPassword": "[parameters('adminPassword')]"
          },
          "storageProfile": {
            "imageReference": {
              "publisher": "MicrosoftWindowsServer",
              "offer": "WindowsServer",
              "sku": "[parameters('OSVersion')]",
              "version": "latest"
            },
            "osDisk": {
              "createOption": "FromImage",
              "managedDisk": {
                "storageAccountType": "StandardSSD_LRS"
              }
            },
            "dataDisks": [
              {
                "diskSizeGB": 1023,
                "lun": 0,
                "createOption": "Empty"
              }
            ]
          },
          "networkProfile": {
            "networkInterfaces": [
              {
                "id": "[resourceId('Microsoft.Network/networkInterfaces', variables('nicName'))]"
              }
            ]
          },
          "diagnosticsProfile": {
            "bootDiagnostics": {
              "enabled": false
            }
          }
        },
        "dependsOn": [
          "[resourceId('Microsoft.Network/networkInterfaces', variables('nicName'))]"
     
        ]
      }
    ],
    "outputs": {
      "hostname": {
        "type": "string",
        "value": "[reference(resourceId('Microsoft.Network/publicIPAddresses', variables('publicipname'))).dnsSettings.fqdn]"
      },
      "vmname": {
        "type": "string",
        "value": "[variables('vmname')]"
      }
    }
  }